-- OmniOrder Pro Database Backup
-- Generated: 2026-01-06T04:01:00.136Z

SET FOREIGN_KEY_CHECKS = 0;

-- Dumping data for table: categories
TRUNCATE TABLE categories;
INSERT INTO categories (id, name) VALUES ('CAT298', 'Blue');
INSERT INTO categories (id, name) VALUES ('CAT997', 'Red');

-- Dumping data for table: products
TRUNCATE TABLE products;
INSERT INTO products (id, name, categoryId, costPrice, sellingPrice, openingStock, currentStock, image) VALUES ('P-247', 'Blue Doll', 'CAT298', '150.00', '600.00', 2, 2, 'https://picsum.photos/seed/0.11790742626888662/400/400');
INSERT INTO products (id, name, categoryId, costPrice, sellingPrice, openingStock, currentStock, image) VALUES ('P-446', 'Red Doll', 'CAT997', '750.00', '1500.00', 15, 15, 'https://b3327950.smushcdn.com/3327950/wp-content/uploads/BD31559_PR.png?lossy=0&strip=1&webp=1');

-- Dumping data for table: orders
TRUNCATE TABLE orders;
INSERT INTO orders (id, productId, productName, quantity, unitPrice, subtotal, refNumbers, customer, discount, delivery, payment, financials, meta, orderDate) VALUES ('NC-1621', 'P-446', 'Red Doll', 2, '1500.00', '3000.00', '{\"anjoli\":\"A-002\",\"papiya\":\"\",\"mahabub\":\"\"}', '{\"name\":\"Kabir\",\"phone\":\"01609144734\",\"address\":{\"thana\":\"Maheshpur\",\"union\":\"Sadar\",\"village\":\"Sadar\",\"district\":\"Dhaka\"},\"platform\":\"Facebook\",\"profileName\":\"Kader Molla\"}', '{\"type\":\"percentage\",\"value\":5,\"amount\":150,\"reason\":\"\"}', '{\"type\":\"Inside Area\",\"charge\":60,\"status\":\"Cancelled\"}', '{\"method\":\"Cash on Delivery (COD)\",\"status\":\"Unpaid\",\"dueAmount\":2910,\"paidAmount\":0,\"transactionId\":\"\"}', '{\"profit\":1350,\"netPayable\":2910}', '{\"year\":2026,\"month\":1,\"notes\":\"\",\"orderDate\":\"2026-01-06\",\"receivedBy\":\"Admin User\",\"customerRequiredDate\":\"\",\"proposedDeliveryDate\":\"\"}', '\"2026-01-05T18:00:00.000Z\"');
INSERT INTO orders (id, productId, productName, quantity, unitPrice, subtotal, refNumbers, customer, discount, delivery, payment, financials, meta, orderDate) VALUES ('NC-3918', 'P-446', 'Red Doll', 2, '1500.00', '3000.00', '{\"anjoli\":\"A-002\",\"papiya\":\"\",\"mahabub\":\"\"}', '{\"name\":\"Kabir\",\"phone\":\"01609144734\",\"address\":{\"thana\":\"Maheshpur\",\"union\":\"Sadar\",\"village\":\"Sadar\",\"district\":\"Dhaka\"},\"platform\":\"Facebook\",\"profileName\":\"Kader Molla\"}', '{\"type\":\"percentage\",\"value\":5,\"amount\":150,\"reason\":\"\"}', '{\"type\":\"Inside Area\",\"charge\":60,\"status\":\"Cancelled\"}', '{\"method\":\"Cash on Delivery (COD)\",\"status\":\"Unpaid\",\"dueAmount\":2910,\"paidAmount\":0,\"transactionId\":\"\"}', '{\"profit\":1350,\"netPayable\":2910}', '{\"year\":2026,\"month\":1,\"notes\":\"\",\"orderDate\":\"2026-01-06\",\"receivedBy\":\"Admin User\",\"customerRequiredDate\":\"\",\"proposedDeliveryDate\":\"\"}', '\"2026-01-05T18:00:00.000Z\"');
INSERT INTO orders (id, productId, productName, quantity, unitPrice, subtotal, refNumbers, customer, discount, delivery, payment, financials, meta, orderDate) VALUES ('NC-4086', 'P-247', 'Blue Doll', 2, '600.00', '1200.00', '{\"anjoli\":\"A-000\",\"papiya\":\"\",\"mahabub\":\"\"}', '{\"name\":\"Kabir\",\"phone\":\"0162222222\",\"address\":{\"thana\":\"\",\"union\":\"\",\"village\":\"\",\"district\":\"Dhaka\"},\"platform\":\"Facebook\",\"profileName\":\"a\"}', '{\"type\":\"fixed\",\"value\":0,\"amount\":0,\"reason\":\"\"}', '{\"type\":\"Inside Area\",\"charge\":60,\"status\":\"Cancelled\"}', '{\"method\":\"Cash on Delivery (COD)\",\"status\":\"Unpaid\",\"dueAmount\":1260,\"paidAmount\":0,\"transactionId\":\"\"}', '{\"profit\":900,\"netPayable\":1260}', '{\"year\":2026,\"month\":1,\"notes\":\"\",\"orderDate\":\"2026-01-06\",\"receivedBy\":\"Admin User\",\"customerRequiredDate\":\"\",\"proposedDeliveryDate\":\"\"}', '\"2026-01-05T18:00:00.000Z\"');
INSERT INTO orders (id, productId, productName, quantity, unitPrice, subtotal, refNumbers, customer, discount, delivery, payment, financials, meta, orderDate) VALUES ('NC-5757', 'P-446', 'Red Doll', 1, '1500.00', '1500.00', '{\"anjoli\":\"\",\"papiya\":\"P-002\",\"mahabub\":\"\"}', '{\"name\":\"IKRAMUL KABIR\",\"phone\":\"01926680880\",\"address\":{\"thana\":\"\",\"union\":\"\",\"village\":\"Biruliya, Savar-1340, Dhaka\",\"district\":\"Dhaka\"}}', '{\"type\":\"fixed\",\"value\":0,\"amount\":0,\"reason\":\"\"}', '{\"type\":\"Outside Area\",\"charge\":120,\"status\":\"Cancelled\"}', '{\"method\":\"Rocket\",\"status\":\"Paid\",\"dueAmount\":0,\"paidAmount\":1620,\"transactionId\":\"fghjkl\"}', '{\"profit\":750,\"netPayable\":1620}', '{\"year\":2026,\"month\":1,\"notes\":\"\",\"orderDate\":\"2026-01-06\",\"receivedBy\":\"Admin User\",\"customerRequiredDate\":\"2026-01-09\",\"proposedDeliveryDate\":\"2026-01-08\"}', '\"2026-01-05T18:00:00.000Z\"');
INSERT INTO orders (id, productId, productName, quantity, unitPrice, subtotal, refNumbers, customer, discount, delivery, payment, financials, meta, orderDate) VALUES ('NC-5969', 'P-446', 'Red Doll', 1, '1500.00', '1500.00', '{\"anjoli\":\"A-001\",\"papiya\":\"\",\"mahabub\":\"\"}', '{\"name\":\"IKRAMUL KABIR\",\"phone\":\"01609144734\",\"address\":{\"thana\":\"\",\"union\":\"\",\"village\":\"Biruliya, Savar-1340, Dhaka\",\"district\":\"Dhaka\"}}', '{\"type\":\"fixed\",\"value\":0,\"amount\":0,\"reason\":\"\"}', '{\"type\":\"Urgent Delivery\",\"charge\":200,\"status\":\"Cancelled\"}', '{\"method\":\"Bank Transfer\",\"status\":\"Partial Paid\",\"dueAmount\":140,\"paidAmount\":1560,\"transactionId\":\"GG-156789\"}', '{\"profit\":750,\"netPayable\":1700}', '{\"year\":2026,\"month\":1,\"notes\":\"\",\"orderDate\":\"2026-01-05\",\"receivedBy\":\"Admin User\",\"customerRequiredDate\":\"2026-01-05\",\"proposedDeliveryDate\":\"2026-01-06\"}', '\"2026-01-04T18:00:00.000Z\"');

-- Dumping data for table: audit_logs
TRUNCATE TABLE audit_logs;
INSERT INTO audit_logs (id, orderId, changeType, oldStatus, newStatus, timestamp, changedBy) VALUES (1, 'NC-5969', 'Order Created', 'None', 'Pending', '\"2026-01-05T16:16:46.000Z\"', 'Admin User');
INSERT INTO audit_logs (id, orderId, changeType, oldStatus, newStatus, timestamp, changedBy) VALUES (2, 'NC-5969', 'Status Update', 'Pending', 'Delivered', '\"2026-01-05T16:17:10.000Z\"', 'Admin User');
INSERT INTO audit_logs (id, orderId, changeType, oldStatus, newStatus, timestamp, changedBy) VALUES (3, 'NC-5757', 'Order Created', 'None', 'Pending', '\"2026-01-06T02:34:35.000Z\"', 'Admin User');
INSERT INTO audit_logs (id, orderId, changeType, oldStatus, newStatus, timestamp, changedBy) VALUES (4, 'NC-5757', 'Status Update', 'Pending', 'Cancelled', '\"2026-01-06T02:40:53.000Z\"', 'Admin User');
INSERT INTO audit_logs (id, orderId, changeType, oldStatus, newStatus, timestamp, changedBy) VALUES (5, 'NC-5757', 'Status Update', 'Cancelled', 'Returned', '\"2026-01-06T02:41:04.000Z\"', 'Admin User');
INSERT INTO audit_logs (id, orderId, changeType, oldStatus, newStatus, timestamp, changedBy) VALUES (6, 'NC-5757', 'Status Update', 'Returned', 'Processing', '\"2026-01-06T02:41:19.000Z\"', 'Admin User');
INSERT INTO audit_logs (id, orderId, changeType, oldStatus, newStatus, timestamp, changedBy) VALUES (7, 'NC-5757', 'Status Update', 'Processing', 'Pending', '\"2026-01-06T02:41:22.000Z\"', 'Admin User');
INSERT INTO audit_logs (id, orderId, changeType, oldStatus, newStatus, timestamp, changedBy) VALUES (8, 'NC-5757', 'Status Update', 'Pending', 'Delivered', '\"2026-01-06T02:41:24.000Z\"', 'Admin User');
INSERT INTO audit_logs (id, orderId, changeType, oldStatus, newStatus, timestamp, changedBy) VALUES (9, 'NC-5969', 'Status Update', 'Delivered', 'Pending', '\"2026-01-06T02:41:36.000Z\"', 'Admin User');
INSERT INTO audit_logs (id, orderId, changeType, oldStatus, newStatus, timestamp, changedBy) VALUES (10, 'NC-5969', 'Status Update', 'Pending', 'Cancelled', '\"2026-01-06T02:43:06.000Z\"', 'Admin User');
INSERT INTO audit_logs (id, orderId, changeType, oldStatus, newStatus, timestamp, changedBy) VALUES (11, 'NC-5969', 'Status Update', 'Cancelled', 'Delivered', '\"2026-01-06T02:43:46.000Z\"', 'Admin User');
INSERT INTO audit_logs (id, orderId, changeType, oldStatus, newStatus, timestamp, changedBy) VALUES (12, 'NC-5969', 'Status Update', 'Delivered', 'Cancelled', '\"2026-01-06T02:43:59.000Z\"', 'Admin User');
INSERT INTO audit_logs (id, orderId, changeType, oldStatus, newStatus, timestamp, changedBy) VALUES (13, 'NC-5969', 'Status Update', 'Cancelled', 'Delivered', '\"2026-01-06T02:44:01.000Z\"', 'Admin User');
INSERT INTO audit_logs (id, orderId, changeType, oldStatus, newStatus, timestamp, changedBy) VALUES (14, 'NC-5969', 'Status Update', 'Delivered', 'Returned', '\"2026-01-06T02:44:07.000Z\"', 'Admin User');
INSERT INTO audit_logs (id, orderId, changeType, oldStatus, newStatus, timestamp, changedBy) VALUES (15, 'NC-5969', 'Status Update', 'Returned', 'Pending', '\"2026-01-06T02:44:22.000Z\"', 'Admin User');
INSERT INTO audit_logs (id, orderId, changeType, oldStatus, newStatus, timestamp, changedBy) VALUES (16, 'NC-5969', 'Status Update', 'Pending', 'Delivered', '\"2026-01-06T02:44:23.000Z\"', 'Admin User');
INSERT INTO audit_logs (id, orderId, changeType, oldStatus, newStatus, timestamp, changedBy) VALUES (17, 'NC-5969', 'Status Update', 'Delivered', 'Returned', '\"2026-01-06T02:44:24.000Z\"', 'Admin User');
INSERT INTO audit_logs (id, orderId, changeType, oldStatus, newStatus, timestamp, changedBy) VALUES (18, 'NC-5969', 'Status Update', 'Returned', 'Cancelled', '\"2026-01-06T02:44:24.000Z\"', 'Admin User');
INSERT INTO audit_logs (id, orderId, changeType, oldStatus, newStatus, timestamp, changedBy) VALUES (19, 'NC-5969', 'Status Update', 'Cancelled', 'Processing', '\"2026-01-06T02:44:25.000Z\"', 'Admin User');
INSERT INTO audit_logs (id, orderId, changeType, oldStatus, newStatus, timestamp, changedBy) VALUES (20, 'NC-5969', 'Status Update', 'Processing', 'Delivered', '\"2026-01-06T02:44:26.000Z\"', 'Admin User');
INSERT INTO audit_logs (id, orderId, changeType, oldStatus, newStatus, timestamp, changedBy) VALUES (21, 'NC-5969', 'Status Update', 'Delivered', 'Returned', '\"2026-01-06T02:44:26.000Z\"', 'Admin User');
INSERT INTO audit_logs (id, orderId, changeType, oldStatus, newStatus, timestamp, changedBy) VALUES (22, 'NC-5969', 'Status Update', 'Returned', 'Cancelled', '\"2026-01-06T02:59:57.000Z\"', 'Admin User');
INSERT INTO audit_logs (id, orderId, changeType, oldStatus, newStatus, timestamp, changedBy) VALUES (23, 'NC-5969', 'Status Update', 'Cancelled', 'Delivered', '\"2026-01-06T03:00:10.000Z\"', 'Admin User');
INSERT INTO audit_logs (id, orderId, changeType, oldStatus, newStatus, timestamp, changedBy) VALUES (24, 'NC-5969', 'Status Update', 'Delivered', 'Cancelled', '\"2026-01-06T03:00:13.000Z\"', 'Admin User');
INSERT INTO audit_logs (id, orderId, changeType, oldStatus, newStatus, timestamp, changedBy) VALUES (25, 'NC-5969', 'Status Update', 'Cancelled', 'Cancelled', '\"2026-01-06T03:06:18.000Z\"', 'Admin User');
INSERT INTO audit_logs (id, orderId, changeType, oldStatus, newStatus, timestamp, changedBy) VALUES (26, 'NC-5969', 'Status Update', 'Cancelled', 'Delivered', '\"2026-01-06T03:06:19.000Z\"', 'Admin User');
INSERT INTO audit_logs (id, orderId, changeType, oldStatus, newStatus, timestamp, changedBy) VALUES (27, 'NC-5969', 'Status Update', 'Delivered', 'Cancelled', '\"2026-01-06T03:06:22.000Z\"', 'Admin User');
INSERT INTO audit_logs (id, orderId, changeType, oldStatus, newStatus, timestamp, changedBy) VALUES (28, 'NC-5757', 'Status Update', 'Delivered', 'Cancelled', '\"2026-01-06T03:06:25.000Z\"', 'Admin User');
INSERT INTO audit_logs (id, orderId, changeType, oldStatus, newStatus, timestamp, changedBy) VALUES (29, 'NC-5757', 'Status Update', 'Cancelled', 'Delivered', '\"2026-01-06T03:06:45.000Z\"', 'Admin User');
INSERT INTO audit_logs (id, orderId, changeType, oldStatus, newStatus, timestamp, changedBy) VALUES (30, 'NC-5757', 'Status Update', 'Delivered', 'Cancelled', '\"2026-01-06T03:06:47.000Z\"', 'Admin User');
INSERT INTO audit_logs (id, orderId, changeType, oldStatus, newStatus, timestamp, changedBy) VALUES (31, 'NC-5969', 'Status Update', 'Cancelled', 'Returned', '\"2026-01-06T03:07:18.000Z\"', 'Admin User');
INSERT INTO audit_logs (id, orderId, changeType, oldStatus, newStatus, timestamp, changedBy) VALUES (32, 'NC-5969', 'Status Update', 'Returned', 'Cancelled', '\"2026-01-06T03:07:26.000Z\"', 'Admin User');
INSERT INTO audit_logs (id, orderId, changeType, oldStatus, newStatus, timestamp, changedBy) VALUES (33, 'NC-5757', 'Status Update', 'Cancelled', 'Returned', '\"2026-01-06T03:13:22.000Z\"', 'Admin User');
INSERT INTO audit_logs (id, orderId, changeType, oldStatus, newStatus, timestamp, changedBy) VALUES (34, 'NC-5757', 'Status Update', 'Returned', 'Cancelled', '\"2026-01-06T03:13:26.000Z\"', 'Admin User');
INSERT INTO audit_logs (id, orderId, changeType, oldStatus, newStatus, timestamp, changedBy) VALUES (35, 'NC-5969', 'Status Update', 'Cancelled', 'Returned', '\"2026-01-06T03:13:32.000Z\"', 'Admin User');
INSERT INTO audit_logs (id, orderId, changeType, oldStatus, newStatus, timestamp, changedBy) VALUES (36, 'NC-5969', 'Status Update', 'Returned', 'Cancelled', '\"2026-01-06T03:13:35.000Z\"', 'Admin User');
INSERT INTO audit_logs (id, orderId, changeType, oldStatus, newStatus, timestamp, changedBy) VALUES (37, 'NC-1621', 'Order Created', 'None', 'Pending', '\"2026-01-06T03:16:41.000Z\"', 'Admin User');
INSERT INTO audit_logs (id, orderId, changeType, oldStatus, newStatus, timestamp, changedBy) VALUES (38, 'NC-3918', 'Order Created', 'None', 'Pending', '\"2026-01-06T03:16:43.000Z\"', 'Admin User');
INSERT INTO audit_logs (id, orderId, changeType, oldStatus, newStatus, timestamp, changedBy) VALUES (39, 'NC-1621', 'Status Update', 'Pending', 'Cancelled', '\"2026-01-06T03:17:12.000Z\"', 'Admin User');
INSERT INTO audit_logs (id, orderId, changeType, oldStatus, newStatus, timestamp, changedBy) VALUES (40, 'NC-3918', 'Status Update', 'Pending', 'Cancelled', '\"2026-01-06T03:18:13.000Z\"', 'Admin User');
INSERT INTO audit_logs (id, orderId, changeType, oldStatus, newStatus, timestamp, changedBy) VALUES (41, 'NC-1621', 'Status Update', 'Cancelled', 'Delivered', '\"2026-01-06T03:23:02.000Z\"', 'Admin User');
INSERT INTO audit_logs (id, orderId, changeType, oldStatus, newStatus, timestamp, changedBy) VALUES (42, 'NC-3918', 'Status Update', 'Cancelled', 'Delivered', '\"2026-01-06T03:23:05.000Z\"', 'Admin User');
INSERT INTO audit_logs (id, orderId, changeType, oldStatus, newStatus, timestamp, changedBy) VALUES (43, 'NC-5757', 'Status Update', 'Cancelled', 'Delivered', '\"2026-01-06T03:23:06.000Z\"', 'Admin User');
INSERT INTO audit_logs (id, orderId, changeType, oldStatus, newStatus, timestamp, changedBy) VALUES (44, 'NC-5969', 'Status Update', 'Cancelled', 'Delivered', '\"2026-01-06T03:23:07.000Z\"', 'Admin User');
INSERT INTO audit_logs (id, orderId, changeType, oldStatus, newStatus, timestamp, changedBy) VALUES (45, 'NC-1621', 'Status Update', 'Delivered', 'Cancelled', '\"2026-01-06T03:23:53.000Z\"', 'Admin User');
INSERT INTO audit_logs (id, orderId, changeType, oldStatus, newStatus, timestamp, changedBy) VALUES (46, 'NC-3918', 'Status Update', 'Delivered', 'Cancelled', '\"2026-01-06T03:32:51.000Z\"', 'Admin User');
INSERT INTO audit_logs (id, orderId, changeType, oldStatus, newStatus, timestamp, changedBy) VALUES (47, 'NC-5757', 'Status Update', 'Delivered', 'Cancelled', '\"2026-01-06T03:33:26.000Z\"', 'Admin User');
INSERT INTO audit_logs (id, orderId, changeType, oldStatus, newStatus, timestamp, changedBy) VALUES (48, 'NC-5969', 'Status Update', 'Delivered', 'Cancelled', '\"2026-01-06T03:33:29.000Z\"', 'Admin User');
INSERT INTO audit_logs (id, orderId, changeType, oldStatus, newStatus, timestamp, changedBy) VALUES (49, 'NC-1621', 'Status Update', 'Cancelled', 'Delivered', '\"2026-01-06T03:34:58.000Z\"', 'Admin User');
INSERT INTO audit_logs (id, orderId, changeType, oldStatus, newStatus, timestamp, changedBy) VALUES (50, 'NC-1621', 'Status Update', 'Delivered', 'Cancelled', '\"2026-01-06T03:35:01.000Z\"', 'Admin User');
INSERT INTO audit_logs (id, orderId, changeType, oldStatus, newStatus, timestamp, changedBy) VALUES (51, 'NC-1621', 'Status Update', 'Cancelled', 'Returned', '\"2026-01-06T03:35:03.000Z\"', 'Admin User');
INSERT INTO audit_logs (id, orderId, changeType, oldStatus, newStatus, timestamp, changedBy) VALUES (52, 'NC-1621', 'Status Update', 'Returned', 'Cancelled', '\"2026-01-06T03:37:41.000Z\"', 'Admin User');
INSERT INTO audit_logs (id, orderId, changeType, oldStatus, newStatus, timestamp, changedBy) VALUES (53, 'NC-4086', 'Order Created', 'None', 'Pending', '\"2026-01-06T03:41:24.000Z\"', 'Admin User');
INSERT INTO audit_logs (id, orderId, changeType, oldStatus, newStatus, timestamp, changedBy) VALUES (54, 'NC-4086', 'Status Update', 'Pending', 'Cancelled', '\"2026-01-06T03:41:53.000Z\"', 'Admin User');
INSERT INTO audit_logs (id, orderId, changeType, oldStatus, newStatus, timestamp, changedBy) VALUES (55, 'NC-3918', 'Status Update', 'Cancelled', 'Delivered', '\"2026-01-06T03:42:48.000Z\"', 'Admin User');
INSERT INTO audit_logs (id, orderId, changeType, oldStatus, newStatus, timestamp, changedBy) VALUES (56, 'NC-1621', 'Status Update', 'Cancelled', 'Pending', '\"2026-01-06T03:52:36.000Z\"', 'Admin User');
INSERT INTO audit_logs (id, orderId, changeType, oldStatus, newStatus, timestamp, changedBy) VALUES (57, 'NC-1621', 'Status Update', 'Pending', 'Cancelled', '\"2026-01-06T03:54:12.000Z\"', 'Admin User');
INSERT INTO audit_logs (id, orderId, changeType, oldStatus, newStatus, timestamp, changedBy) VALUES (58, 'NC-3918', 'Status Update', 'Delivered', 'Cancelled', '\"2026-01-06T03:54:14.000Z\"', 'Admin User');

SET FOREIGN_KEY_CHECKS = 1;
